{"Loss": 1.0159544924894968, "_step": 81, "_runtime": 2256, "_timestamp": 1603060132, "Val loss": 0.7621003077143714, "WER": 0.27133748179623324, "CER": 0.22950053211755644}