{"Loss": 0.5158408164978028, "_step": 530, "_runtime": 53069, "_timestamp": 1603113227, "Val loss": 0.1629092948777335, "WER": 0.38599594485263483, "CER": 0.09648635139240784}