{"Loss": 0.7994565069675446, "_step": 154, "_runtime": 3186, "_timestamp": 1603041938, "Val loss": 0.8062327612530101, "WER": 0.2968543214068234, "CER": 0.25262597670013676}