{"Loss": 1.4183804194132488, "_step": 71, "_runtime": 1459, "_timestamp": 1603038738, "Val loss": 1.4924926107580012, "WER": 0.5030136591156302, "CER": 0.4971403856163193}