{"Loss": -0.018624407441044846, "_step": 154, "_runtime": 3219, "_timestamp": 1602983471, "Val loss": 0.2759417783130299, "WER": 0.10174715182762191, "CER": 0.08680661351256605}