{"Loss": 2.651095080375671, "_step": 31, "_runtime": 1929, "_timestamp": 1602971387, "Val loss": 2.6453391205180776, "WER": 0.820716142231894, "CER": 0.7065694494410849}