{"Loss": 0.04569423130402962, "_step": 126, "_runtime": 5291, "_timestamp": 1602978437, "Val loss": 0.2796400406143882, "WER": 0.11579574508734072, "CER": 0.09836190016379812}