{"Loss": 0.8858158628145854, "_step": 304, "_runtime": 8242, "_timestamp": 1603056630, "Val loss": 0.9122486880847386, "WER": 0.3335759429748818, "CER": 0.29002477417126715}