{"Loss": 2.556619962056478, "_step": 46, "_runtime": 1486, "_timestamp": 1602972963, "Val loss": 2.5480908263813364, "WER": 0.9904109603639277, "CER": 0.6273262275186369}