{"Loss": 2.54090047677358, "_step": 9, "_runtime": 335, "_timestamp": 1602980241, "Val loss": 2.6594594608653677, "WER": 0.9796651776767815, "CER": 1.0}