{"Loss": 0.7619358976682027, "_step": 170, "_runtime": 3592, "_timestamp": 1603037259, "Val loss": 0.8218823725526984, "WER": 0.3090421838963811, "CER": 0.27697492448111016}